热词,数量
枭雄,8
美颜,4
good,4
孙千,4
造型,3
大长,3
颜值,3
满屏,2
状态,2
最新,2
网友,2
身材,2
化妆,2
网络,2
孙千好,2
大哥,2
讨论,2
永远,2
英雄,2
围绕,2
查看,2
展开,2
好看,2
两边,2
牙齿,2
质疑,2
一眼,2
研究,2
皮衣,2
夏凉,2
真实,2
发型,2
诈骗,2
设计,1
标注,1
软蛋,1
诱惑,1
改变,1
雪花,1
盘发,1
手表,1
太阳穴,1
妆造,1
假酒,1
救赎,1
衣服,1
傻子,1
儿子,1
审美,1
天天,1
黑衣服,1
引发,1
称赞,1
金主,1
这套,1
四点,1
欢乐,1
玩完,1
uzi,1
失效,1
亲见,1
女版,1
努力,1
涉嫌,1
内部,1
粉粉,1
仿佛,1
过度,1
没吃过,1
禁止,1
肯定,1
卖不掉,1
过错,1
费解,1
当年,1
永远都是,1
阴影,1
年龄,1
吃喝玩乐,1
西安事变,1
子孙后代,1
素颜,1
期待,1
历史,1
影响,1
协调,1
心软,1
辨识,1
面貌,1
抛弃,1
晚上,1
自裁,1
它算个,1
古装戏,1
细糠,1
震撼,1
小熊,1
大姐,1
屁个,1
真火,1
白带,1
抱抱,1
麻花,1
铁流,1
心理,1
之余,1
侵略,1
骨气,1
生不如死,1
优势,1
看大,1
买个,1
擦皮鞋,1
待播,1
留下,1
图片,1
太高,1
妈妈,1
一世,1
作品,1
黑丝,1
关晓彤,1
反差,1
性欲,1
无冤无仇,1
感叹,1
蜥蜴,1
用过,1
曹腻,1
博主,1
青年,1
夸张,1
女明星,1
思考,1
直呼,1
可爱,1
场面,1
男生,1
调侃,1
罪人,1
天高,1
太假,1
强大,1
惊悚,1
美貌,1
男人,1
犯罪率,1
热议,1
高科技,1
互看,1
东北,1
活着,1
另有,1
比例,1
整体,1
生意人,1
千千,1
耽搁,1
搭配,1
整场,1
可惜,1
披发,1
懂得,1
大帅,1
门道,1
技术,1
想要,1
现代戏,1
喝多,1
抵抗,1
争议,1
女方,1
链子,1
拍卖,1
立法,1
已测,1
一辈子,1
名字,1
牛肉,1
对得起,1
耽误,1
老年,1
度高,1
有人,1
演员,1
蒋输,1
背后,1
好用,1
乱糟糟,1
